<?xml version="1.0" encoding="UTF-8"?>
<project-private xmlns="http://www.netbeans.org/ns/project-private/1">
    <editor-bookmarks xmlns="http://www.netbeans.org/ns/editor-bookmarks/2" lastBookmarkId="0"/>
    <open-files xmlns="http://www.netbeans.org/ns/projectui-open-files/2">
        <group>
            <file>file:/C:/Users/Alex%20Gonzalez/Documents/Universidad/Base%20de%20datos/Practica2%20-%20Copy/Practica2_Proyecto/src/practica2/conC.java</file>
            <file>file:/C:/Users/Alex%20Gonzalez/Documents/Universidad/Base%20de%20datos/Practica2%20-%20Copy/Practica2_Proyecto/src/practica2/conE.java</file>
            <file>file:/C:/Users/Alex%20Gonzalez/Documents/Universidad/Base%20de%20datos/Practica2%20-%20Copy/Practica2_Proyecto/src/practica2/conA.java</file>
            <file>file:/C:/Users/Alex%20Gonzalez/Documents/Universidad/Base%20de%20datos/Practica2%20-%20Copy/Practica2_Proyecto/src/practica2/conB.java</file>
            <file>file:/C:/Users/Alex%20Gonzalez/Documents/Universidad/Base%20de%20datos/Practica2%20-%20Copy/Practica2_Proyecto/src/practica2/conF.java</file>
            <file>file:/C:/Users/Alex%20Gonzalez/Documents/Universidad/Base%20de%20datos/Practica2%20-%20Copy/Practica2_Proyecto/src/practica2/conG.java</file>
            <file>file:/C:/Users/Alex%20Gonzalez/Documents/Universidad/Base%20de%20datos/Practica2%20-%20Copy/Practica2_Proyecto/src/practica2/Practica2.java</file>
            <file>file:/C:/Users/Alex%20Gonzalez/Documents/Universidad/Base%20de%20datos/Practica2%20-%20Copy/Practica2_Proyecto/src/practica2/Principal.java</file>
            <file>file:/C:/Users/Alex%20Gonzalez/Documents/Universidad/Base%20de%20datos/Practica2%20-%20Copy/Practica2_Proyecto/src/practica2/Conexion.java</file>
            <file>file:/C:/Users/Alex%20Gonzalez/Documents/Universidad/Base%20de%20datos/Practica2%20-%20Copy/Practica2_Proyecto/src/practica2/conD.java</file>
        </group>
    </open-files>
</project-private>
